<?xml version="1.0" encoding="UTF-8"?>
<template>

    <t t-name="new_record.container">
        <div class="border p-3">
            <h4>Add Medical Record</h4>
            <p>Patient: <t t-esc="state.Name"/></p>
        </div>

        <div class="d-flex justify-content-start align-items-center px-3 my-3 flex-wrap gap-2">
            <h5 class="me-3 mb-0 fw-bold">Record by:</h5>
            <button class="btn btn-outline-primary rounded-pill px-3 fw-semibold">Image</button>
            <button class="btn btn-outline-secondary rounded-pill px-3 fw-semibold">Document</button>
            <button class="btn btn-outline-info rounded-pill px-3 fw-semibold">Upload DICOM</button>
            <button class="btn btn-outline-success rounded-pill px-3 fw-semibold">Upload Image</button>
            <button class="btn btn-primary rounded-pill px-3 fw-semibold">Browse Picture</button>
            <button class="btn btn-outline-secondary rounded-pill px-3 fw-semibold">Camera</button>
        </div>

        <div class="row px-3">
            <!-- Left Column -->
            <div class="col-md-6">
                <div class="mb-3">
                    <label class="form-label">Image Title *</label>
                    <input type="text" class="form-control" placeholder="Enter image title..." />
                </div>
                <div class="mb-3">
                    <label class="form-label">Image Type *</label>
                    <select class="form-select">
                        <option>CT Scan</option>
                        <option>X-Ray</option>
                        <option>MRI</option>
                        <option>Ultrasound</option>
                    </select>
                </div>
                <div class="mb-3">
                    <label class="form-label">Body Part/Region *</label>
                    <input type="text" class="form-control" placeholder="Enter body part or region..." />
                </div>
                <div class="mb-3">
                    <label class="form-label">Study Date *</label>
                    <input type="date" class="form-control" />
                </div>
                <div class="mb-3">
                    <label class="form-label">Healthcare Provider/Facility</label>
                    <input type="text" class="form-control" placeholder="Enter provider or facility name..." />
                </div>
                <div class="mb-3">
                    <label class="form-label">Physician/Specialist</label>
                    <input type="text" class="form-control" placeholder="Enter physician name..." />
                </div>
                <div class="form-check form-check-inline">
                    <input type="checkbox" class="form-check-input" id="contrastCheck" />
                    <label class="form-check-label" for="contrastCheck">Contrast Used</label>
                </div>
                <div class="form-check form-check-inline mb-3">
                    <input type="checkbox" class="form-check-input" id="aiCheck" />
                    <label class="form-check-label" for="aiCheck">Run AI Analysis on Save</label>
                </div>

            </div>

            <!-- Right Column -->
            <div class="col-md-6">
                <div class="mt-3">
                    <!-- <button class="btn btn-primary" t-on-click="saveRecord">Save</button> -->
                    <button class="btn btn-primary" t-on-click="saveRecord" t-att-disabled="state.saving">
<!--                         <t t-esc="state.saving ? 'Saving...' : 'Save'"/>-->
                        savingg
                    </button>
                </div>
                <div class="border border-secondary border-2 rounded d-flex flex-column align-items-center justify-content-center text-center p-4" style="height: 220px;" t-on-click="openFilePicker">
                    <p class="mb-1">No image uploaded</p>
                    <p class="small text-muted mb-0">Upload CT scan image or DICOM file</p>
                    <p class="small text-muted mb-0">Supported formats: DICOM, JPG, PNG, TIFF</p>
                    <p class="small text-muted">Max file size: 45MB</p>
                </div>

                <div class="border rounded p-3 mt-4 bg-light small">
                    <h5 class="fw-semibold mb-2">Metadata</h5>
                    <div class="row">
                        <div class="col-6"><strong>Status:</strong> Awaiting image upload</div>
                        <div class="col-6"><strong>Modality:</strong></div>
                        <div class="col-6"><strong>Series:</strong></div>
                        <div class="col-6"><strong>Patient Position:</strong></div>
                        <div class="col-6"><strong>Slice:</strong></div>
                        <div class="col-6"><strong>Acquisition Date:</strong></div>
                        <div class="col-6"><strong>Resolution:</strong></div>
                        <div class="col-6"><strong>Study UID:</strong></div>
                    </div>
                </div>
                <div style="display: flex; justify-content: flex-end; gap: 10px; padding: 10px;">
                    <button type="button" class="btn btn-primary">Preview</button>
                    <button type="button" class="btn btn-secondary">Cancel</button>
                    <button type="submit" class="btn btn-success">Save</button>
                </div>

            </div>
        </div>
    </t>

</template>
